,Min,Max,Mean,Std_Dev,Pearson Correlation Coefficient,T-Statistic,P-Value,Critical t-Value,Decision
Proposed QCDC-DR-GA,36915,42295,40057.0,1517.101183177971,1.0,,,2.093024054408263,Fail to Reject
Greedy Upper Bound,43115,49555,46820.0,2102.4545179384977,-0.16316907677583486,10.580511939558154,2.1046923496208188e-09,2.093024054408263,Reject
QCDC-bi-level-GA,42895,48795,45780.0,1875.3119740459185,-0.24242558322516852,9.298230906912693,1.6768159761693418e-08,2.093024054408263,Reject
GA-ILSRS-Scenario-1,40155,45855,42537.0,1691.045830248252,0.077285892042849,4.952353214622641,8.843297134326692e-05,2.093024054408263,Reject
GA-ILSRS-Scenario-2,49245,51075,50105.25,575.583345398388,-0.2586243697635988,24.93850394031389,5.574698416280701e-16,2.093024054408263,Reject
