,Min,Max,Mean,Std_Dev,Pearson Correlation Coefficient,T-Statistic,P-Value,Critical t-Value,Decision
Proposed QCDC-DR-GA,22885,27125,25041.0,1350.4014218001994,1.0,,,2.093024054408263,Fail to Reject
Greedy Upper Bound,29465,33785,31416.0,1179.3977276559422,-0.3758717250188413,13.229619658282253,4.904199347132656e-11,2.093024054408263,Reject
QCDC-bi-level-GA,29045,33785,31191.0,1545.4591550733394,-0.3300140013525355,11.338756685221345,6.706901669262739e-10,2.093024054408263,Reject
GA-ILSRS-Scenario-1,23845,27945,25546.0,1197.371705027307,0.25918460554761286,1.4152720222254491,0.17317099649108506,2.093024054408263,Fail to Reject
GA-ILSRS-Scenario-2,29535,30690,30165.75,298.51413283126146,-0.13528930341499815,15.71027371099167,2.4325750706585604e-12,2.093024054408263,Reject
