,Min,Max,Mean,Std_Dev,Pearson Correlation Coefficient,T-Statistic,P-Value,Critical t-Value,Decision
Proposed QCDC-DR-GA,12100,15540,13740.5,1131.12543513087,1.0,,,2.093024054408263,Fail to Reject
Greedy Upper Bound,17720,21520,19670.0,1133.7283625278146,-0.2917172587102385,14.19991716454031,1.4377349985068427e-11,2.093024054408263,Reject
QCDC-bi-level-GA,17730,20960,19380.0,1052.6015390450461,0.013371135640563352,16.01654935279925,1.7274440777200343e-12,2.093024054408263,Reject
GA-ILSRS-Scenario-1,12680,16660,14919.0,1067.3607637532868,0.5109590314021856,4.719123775984768,0.00014933781082065393,2.093024054408263,Reject
GA-ILSRS-Scenario-2,16740,17700,17193.75,331.11884195859346,-0.1289442223233481,12.34932380515844,1.593364604816906e-10,2.093024054408263,Reject
