,Min,Max,Mean,Std_Dev,Pearson Correlation Coefficient,T-Statistic,P-Value,Critical t-Value,Decision
Proposed QCDC-DR-GA,31345,36285,33541.0,1634.3145352104043,1.0,,,2.093024054408263,Fail to Reject
Greedy Upper Bound,38720,42645,40451.75,1255.838639117303,-0.009448775123460462,14.548903779045812,9.406137489428434e-12,2.093024054408263,Reject
QCDC-bi-level-GA,39130,43365,40325.75,1351.1867700284813,0.4503279136112904,18.675140671756143,1.1029018832700022e-13,2.093024054408263,Reject
GA-ILSRS-Scenario-1,32125,37865,34762.0,1696.6469874431746,0.07521778548967989,2.3492526209331173,0.02977758950843536,2.093024054408263,Reject
GA-ILSRS-Scenario-2,39960,41460,40847.25,486.339580437373,-0.2669130599626782,17.447414258006322,3.7513618405069994e-13,2.093024054408263,Reject
