,Min,Max,Mean,Std_Dev,Pearson Correlation Coefficient,T-Statistic,P-Value,Critical t-Value,Decision
Proposed QCDC-DR-GA,5370,8320,7164.0,983.1449537072343,0.9999999999999999,,,2.093024054408263,Fail to Reject
Greedy Upper Bound,8310,11200,9866.5,879.8595058303342,-0.09791111927104203,8.523389187167536,6.456831508479103e-08,2.093024054408263,Reject
QCDC-bi-level-GA,8820,11020,9728.0,749.9973333285926,-0.5110176796436009,7.397293923004174,5.25703411115396e-07,2.093024054408263,Reject
GA-ILSRS-Scenario-1,5820,8860,7388.0,933.3038090568365,-0.06244953193054039,0.6988096325007479,0.4931370516421286,2.093024054408263,Fail to Reject
GA-ILSRS-Scenario-2,8220,9120,8745.75,271.2668197550154,0.2948766062014627,7.337783010980612,5.900813224247506e-07,2.093024054408263,Reject
